[
  {
    "id": "6672cd2f-f167-45aa-a0cc-3bb3658d0d06",
    "data": [
      {
        "text": "What",
        "meta": "@Interest",
        "alias": "interest",
        "userDefined": false
      },
      {
        "text": " am i speaking to",
        "userDefined": false
      },
      {
        "text": "?",
        "meta": "@Interest",
        "alias": "interest",
        "userDefined": false
      }
    ],
    "isTemplate": false,
    "count": 0,
    "lang": "en",
    "updated": 0
  },
  {
    "id": "395a2cf7-18b9-4f2b-9ce4-da3ba31e1145",
    "data": [
      {
        "text": "Who am i speaking to",
        "userDefined": false
      },
      {
        "text": "?",
        "meta": "@Interest",
        "alias": "interest",
        "userDefined": false
      }
    ],
    "isTemplate": false,
    "count": 0,
    "lang": "en",
    "updated": 0
  },
  {
    "id": "31772782-d60a-413d-a5a5-52cff0947371",
    "data": [
      {
        "text": "What",
        "meta": "@Interest",
        "alias": "interest",
        "userDefined": false
      },
      {
        "text": " is your name",
        "userDefined": false
      },
      {
        "text": "?",
        "meta": "@Interest",
        "alias": "interest",
        "userDefined": false
      }
    ],
    "isTemplate": false,
    "count": 0,
    "lang": "en",
    "updated": 0
  },
  {
    "id": "a6603059-9991-415f-8185-1ea8b1a3a572",
    "data": [
      {
        "text": "What",
        "meta": "@Interest",
        "alias": "interest",
        "userDefined": false
      },
      {
        "text": " are you",
        "userDefined": false
      },
      {
        "text": "?",
        "meta": "@Interest",
        "alias": "interest",
        "userDefined": false
      }
    ],
    "isTemplate": false,
    "count": 0,
    "lang": "en",
    "updated": 0
  },
  {
    "id": "6fca7020-de9c-4d62-979a-f39b370f45c9",
    "data": [
      {
        "text": "Who are you",
        "userDefined": false
      },
      {
        "text": "?",
        "meta": "@Interest",
        "alias": "interest",
        "userDefined": false
      }
    ],
    "isTemplate": false,
    "count": 0,
    "lang": "en",
    "updated": 0
  }
]