[
  {
    "id": "61e5b57b-a956-4fe4-9db1-6bcfb2fac1bf",
    "data": [
      {
        "text": "I am Called ",
        "userDefined": false
      },
      {
        "text": "Kikaawa",
        "meta": "@sys.person",
        "alias": "person",
        "userDefined": false
      },
      {
        "text": ".",
        "userDefined": false
      }
    ],
    "isTemplate": false,
    "count": 0,
    "lang": "en",
    "updated": 0
  },
  {
    "id": "a8b06676-409a-4a09-81ba-d30449d4bbec",
    "data": [
      {
        "text": "I am called ",
        "userDefined": false
      },
      {
        "text": "James",
        "meta": "@sys.person",
        "alias": "person",
        "userDefined": false
      }
    ],
    "isTemplate": false,
    "count": 0,
    "lang": "en",
    "updated": 0
  },
  {
    "id": "1ef012ce-b318-499e-97a4-861cb62f28e8",
    "data": [
      {
        "text": "I am ",
        "userDefined": false
      },
      {
        "text": "James",
        "meta": "@sys.person",
        "alias": "person",
        "userDefined": false
      }
    ],
    "isTemplate": false,
    "count": 0,
    "lang": "en",
    "updated": 0
  },
  {
    "id": "a24d6f86-69b4-4ce0-b73a-dc5d6b7146be",
    "data": [
      {
        "text": "Am ",
        "userDefined": false
      },
      {
        "text": "Benard",
        "meta": "@sys.person",
        "alias": "person",
        "userDefined": false
      }
    ],
    "isTemplate": false,
    "count": 0,
    "lang": "en",
    "updated": 0
  },
  {
    "id": "858529ed-8d10-4c87-b788-e20d93bd1ded",
    "data": [
      {
        "text": "Am ",
        "userDefined": false
      },
      {
        "text": "paul",
        "meta": "@sys.person",
        "alias": "person",
        "userDefined": false
      }
    ],
    "isTemplate": false,
    "count": 0,
    "lang": "en",
    "updated": 0
  },
  {
    "id": "2b940375-b32a-4d5e-a012-c4288f9117da",
    "data": [
      {
        "text": "I\u0027m ",
        "userDefined": false
      },
      {
        "text": "stewart",
        "meta": "@sys.person",
        "alias": "person",
        "userDefined": false
      }
    ],
    "isTemplate": false,
    "count": 0,
    "lang": "en",
    "updated": 0
  },
  {
    "id": "9f1711ad-4751-462f-b4ef-b18bae427e00",
    "data": [
      {
        "text": "Am ",
        "userDefined": false
      },
      {
        "text": "stewart",
        "meta": "@sys.person",
        "alias": "person",
        "userDefined": false
      }
    ],
    "isTemplate": false,
    "count": 0,
    "lang": "en",
    "updated": 0
  },
  {
    "id": "f52d812d-255c-44df-ba0a-6f99875d871f",
    "data": [
      {
        "text": "Am called ",
        "userDefined": false
      },
      {
        "text": "stewart and",
        "meta": "@Interest",
        "alias": "interest",
        "userDefined": false
      },
      {
        "text": " you ",
        "userDefined": false
      },
      {
        "text": "can",
        "meta": "@Interest",
        "alias": "interest",
        "userDefined": false
      },
      {
        "text": " check up on me ",
        "userDefined": false
      },
      {
        "text": "in",
        "meta": "@Interest",
        "alias": "interest",
        "userDefined": false
      },
      {
        "text": " ",
        "userDefined": false
      },
      {
        "text": "january",
        "meta": "@sys.date-period",
        "alias": "date-period",
        "userDefined": false
      }
    ],
    "isTemplate": false,
    "count": 0,
    "lang": "en",
    "updated": 0
  },
  {
    "id": "fb8ecc53-5b61-4665-9917-0785dd7aba62",
    "data": [
      {
        "text": "Am ",
        "userDefined": false
      },
      {
        "text": "Balaba",
        "meta": "@sys.person",
        "alias": "person",
        "userDefined": false
      },
      {
        "text": ".",
        "meta": "@Interest",
        "alias": "interest",
        "userDefined": false
      },
      {
        "text": " Call me up on ",
        "userDefined": false
      },
      {
        "text": "18th july",
        "meta": "@sys.date-time",
        "alias": "date-time",
        "userDefined": false
      }
    ],
    "isTemplate": false,
    "count": 0,
    "lang": "en",
    "updated": 0
  },
  {
    "id": "8bb0ef1c-2f8a-44c3-9cbb-9bfa9b5a77dc",
    "data": [
      {
        "text": "Am ",
        "userDefined": false
      },
      {
        "text": "timothy",
        "meta": "@sys.person",
        "alias": "person",
        "userDefined": false
      },
      {
        "text": " probably ",
        "userDefined": false
      },
      {
        "text": "in",
        "meta": "@Interest",
        "alias": "interest",
        "userDefined": false
      },
      {
        "text": " ",
        "userDefined": false
      },
      {
        "text": "september",
        "meta": "@sys.date-period",
        "alias": "date-period",
        "userDefined": false
      }
    ],
    "isTemplate": false,
    "count": 0,
    "lang": "en",
    "updated": 0
  },
  {
    "id": "8c49ae50-d520-44ac-81c1-af95e03a2c7d",
    "data": [
      {
        "text": "Am john",
        "userDefined": false
      }
    ],
    "isTemplate": false,
    "count": 0,
    "lang": "en",
    "updated": 0
  },
  {
    "id": "35e350cf-1344-471a-9b2b-3f7da6832af5",
    "data": [
      {
        "text": "17th feb",
        "meta": "@sys.date-time",
        "alias": "date-time",
        "userDefined": false
      }
    ],
    "isTemplate": false,
    "count": 0,
    "lang": "en",
    "updated": 0
  },
  {
    "id": "f1b5e1d1-e123-445d-9cd8-9dd408989c87",
    "data": [
      {
        "text": "Am john and you call me on 13th february",
        "userDefined": false
      }
    ],
    "isTemplate": false,
    "count": 2,
    "lang": "en",
    "updated": 0
  },
  {
    "id": "d103dd32-0f77-4b7d-87a6-c176a78cebb2",
    "data": [
      {
        "text": "On ",
        "userDefined": false
      },
      {
        "text": "15th february",
        "meta": "@sys.date-time",
        "alias": "date-time",
        "userDefined": false
      }
    ],
    "isTemplate": false,
    "count": 0,
    "lang": "en",
    "updated": 0
  },
  {
    "id": "97ab0203-3029-4023-88e2-1110e77184e0",
    "data": [
      {
        "text": "on ",
        "userDefined": false
      },
      {
        "text": "13th of this month",
        "meta": "@sys.date-time",
        "alias": "date-time",
        "userDefined": false
      }
    ],
    "isTemplate": false,
    "count": 0,
    "lang": "en",
    "updated": 0
  },
  {
    "id": "0834f982-5226-4c61-a5f0-7482ca60e465",
    "data": [
      {
        "text": "next month",
        "meta": "@sys.date-period",
        "alias": "date-period",
        "userDefined": false
      }
    ],
    "isTemplate": false,
    "count": 0,
    "lang": "en",
    "updated": 0
  },
  {
    "id": "81c7b384-4bc9-41bd-8eb2-f94cc3d083de",
    "data": [
      {
        "text": "in",
        "meta": "@Interest",
        "alias": "interest",
        "userDefined": false
      },
      {
        "text": " about ",
        "userDefined": false
      },
      {
        "text": "a month",
        "meta": "@sys.duration",
        "alias": "duration",
        "userDefined": false
      },
      {
        "text": "\u0027s time",
        "userDefined": false
      }
    ],
    "isTemplate": false,
    "count": 0,
    "lang": "en",
    "updated": 0
  },
  {
    "id": "31891ec7-af39-4996-b89f-cb7b62de013a",
    "data": [
      {
        "text": "a week from now",
        "meta": "@sys.date-time",
        "alias": "date-time",
        "userDefined": false
      }
    ],
    "isTemplate": false,
    "count": 0,
    "lang": "en",
    "updated": 0
  },
  {
    "id": "76d77002-f287-4716-aeb7-a5de7387395e",
    "data": [
      {
        "text": "a year from now",
        "meta": "@sys.date-time",
        "alias": "date-time",
        "userDefined": false
      }
    ],
    "isTemplate": false,
    "count": 0,
    "lang": "en",
    "updated": 0
  },
  {
    "id": "a601c394-585f-4639-9d36-e7513c8da549",
    "data": [
      {
        "text": "In",
        "meta": "@Interest",
        "alias": "interest",
        "userDefined": false
      },
      {
        "text": " 3 week\u0027s time",
        "userDefined": false
      }
    ],
    "isTemplate": false,
    "count": 0,
    "lang": "en",
    "updated": 0
  },
  {
    "id": "740a5443-05ef-4b3b-a927-96aace7269fc",
    "data": [
      {
        "text": "in",
        "meta": "@Interest",
        "alias": "interest",
        "userDefined": false
      },
      {
        "text": " a week\u0027s time",
        "userDefined": false
      }
    ],
    "isTemplate": false,
    "count": 0,
    "lang": "en",
    "updated": 0
  },
  {
    "id": "f95ed3dc-712b-4b52-943c-dd94a1eaf2ff",
    "data": [
      {
        "text": "in",
        "meta": "@Interest",
        "alias": "interest",
        "userDefined": false
      },
      {
        "text": " one week",
        "userDefined": false
      }
    ],
    "isTemplate": false,
    "count": 0,
    "lang": "en",
    "updated": 0
  },
  {
    "id": "0bc3bb71-48f3-4eda-94a0-5ca13aefc032",
    "data": [
      {
        "text": "two weeks from now",
        "meta": "@sys.date-time",
        "alias": "date-time",
        "userDefined": false
      }
    ],
    "isTemplate": false,
    "count": 0,
    "lang": "en",
    "updated": 0
  },
  {
    "id": "9f42b268-504f-4ddc-b788-624d255152a7",
    "data": [
      {
        "text": "On ",
        "userDefined": false
      },
      {
        "text": "saturday at 2pm",
        "meta": "@sys.date-time",
        "alias": "date-time",
        "userDefined": false
      }
    ],
    "isTemplate": false,
    "count": 0,
    "lang": "en",
    "updated": 0
  },
  {
    "id": "b368b9cd-91e7-4721-a8d9-2fcaeb9db1d2",
    "data": [
      {
        "text": "On ",
        "userDefined": false
      },
      {
        "text": "sunday",
        "meta": "@sys.date-time",
        "alias": "date-time",
        "userDefined": false
      }
    ],
    "isTemplate": false,
    "count": 0,
    "lang": "en",
    "updated": 0
  },
  {
    "id": "e6a810e6-91b8-4fcd-af86-4782b4641322",
    "data": [
      {
        "text": "Tomorrow",
        "meta": "@sys.date-time",
        "alias": "date-time",
        "userDefined": false
      }
    ],
    "isTemplate": false,
    "count": 0,
    "lang": "en",
    "updated": 0
  }
]