[
  {
    "id": "2bc1247a-5faf-4b77-9f65-8848c527d405",
    "data": [
      {
        "text": "this is crap!",
        "userDefined": false
      }
    ],
    "isTemplate": false,
    "count": 0,
    "lang": "en",
    "updated": 0
  },
  {
    "id": "76d31ac6-dc2c-4609-b811-0367218da4de",
    "data": [
      {
        "text": "This is bad",
        "userDefined": false
      }
    ],
    "isTemplate": false,
    "count": 0,
    "lang": "en",
    "updated": 0
  },
  {
    "id": "85c86424-92bc-4c10-9d8e-0bc6834eb4be",
    "data": [
      {
        "text": "bad",
        "userDefined": false
      }
    ],
    "isTemplate": false,
    "count": 0,
    "lang": "en",
    "updated": 0
  },
  {
    "id": "0d2232ec-826a-4bc2-8458-847d258a5561",
    "data": [
      {
        "text": "Not good!",
        "userDefined": false
      }
    ],
    "isTemplate": false,
    "count": 0,
    "lang": "en",
    "updated": 0
  },
  {
    "id": "6f1a9236-88a9-4078-b871-b5ef820127f9",
    "data": [
      {
        "text": "I do not like this",
        "userDefined": false
      }
    ],
    "isTemplate": false,
    "count": 0,
    "lang": "en",
    "updated": 0
  },
  {
    "id": "2a868994-912b-4fb3-9bfe-0005e5075f4c",
    "data": [
      {
        "text": "Am not pleased",
        "userDefined": false
      }
    ],
    "isTemplate": false,
    "count": 0,
    "lang": "en",
    "updated": 0
  },
  {
    "id": "40ed764a-07e5-484f-a935-4d7cf50822ad",
    "data": [
      {
        "text": "it\u0027s not good",
        "userDefined": false
      }
    ],
    "isTemplate": false,
    "count": 1,
    "lang": "en",
    "updated": 0
  },
  {
    "id": "6cf84aa3-853c-44b0-a9db-43161082a097",
    "data": [
      {
        "text": "Not interested",
        "userDefined": false
      }
    ],
    "isTemplate": false,
    "count": 0,
    "lang": "en",
    "updated": 0
  }
]