[
  {
    "id": "58059907-0ee3-46da-92bd-cbca583f8c4f",
    "data": [
      {
        "text": "thank you so much",
        "userDefined": false
      }
    ],
    "isTemplate": false,
    "count": 0,
    "lang": "en",
    "updated": 0
  },
  {
    "id": "3f8d89df-4981-49db-8d60-81884f8fb6e7",
    "data": [
      {
        "text": "thanks",
        "userDefined": false
      }
    ],
    "isTemplate": false,
    "count": 0,
    "lang": "en",
    "updated": 0
  },
  {
    "id": "d34dd2a6-9714-45fc-886c-b27d197da4f6",
    "data": [
      {
        "text": "thank you",
        "userDefined": false
      }
    ],
    "isTemplate": false,
    "count": 0,
    "lang": "en",
    "updated": 0
  },
  {
    "id": "6eb1e44f-e92c-4dfd-8b02-07e088652536",
    "data": [
      {
        "text": "sounds great",
        "userDefined": false
      }
    ],
    "isTemplate": false,
    "count": 0,
    "lang": "en",
    "updated": 0
  },
  {
    "id": "8e9b3b6b-ac7c-4bfb-92b7-d7aa206a0033",
    "data": [
      {
        "text": "sounds good",
        "userDefined": false
      }
    ],
    "isTemplate": false,
    "count": 0,
    "lang": "en",
    "updated": 0
  },
  {
    "id": "eb17fab4-e060-430c-87e0-b579b8e0b46b",
    "data": [
      {
        "text": "great",
        "userDefined": false
      }
    ],
    "isTemplate": false,
    "count": 0,
    "lang": "en",
    "updated": 0
  },
  {
    "id": "91dd4415-859a-4cd3-b80e-bfb710b73f8c",
    "data": [
      {
        "text": "good",
        "userDefined": false
      }
    ],
    "isTemplate": false,
    "count": 0,
    "lang": "en",
    "updated": 0
  },
  {
    "id": "c582e985-8c7a-4c67-9f45-cd3b2bfa8e7a",
    "data": [
      {
        "text": "ok sir",
        "userDefined": false
      }
    ],
    "isTemplate": false,
    "count": 0,
    "lang": "en",
    "updated": 0
  },
  {
    "id": "152bfb7c-c1b6-4ab0-bc93-94b89cc9b415",
    "data": [
      {
        "text": "ok",
        "userDefined": false
      }
    ],
    "isTemplate": false,
    "count": 0,
    "lang": "en",
    "updated": 0
  },
  {
    "id": "190f4cac-15ba-42d8-810f-b094f717febe",
    "data": [
      {
        "text": "k",
        "userDefined": false
      }
    ],
    "isTemplate": false,
    "count": 0,
    "lang": "en",
    "updated": 0
  },
  {
    "id": "a311b765-16f3-46ff-8333-533122bcd308",
    "data": [
      {
        "text": "kk",
        "meta": "@sys.ignore",
        "userDefined": false
      }
    ],
    "isTemplate": false,
    "count": 0,
    "lang": "en",
    "updated": 0
  },
  {
    "id": "c49c2301-05cb-430e-b523-c2a57713593e",
    "data": [
      {
        "text": "kawa",
        "meta": "@sys.ignore",
        "userDefined": false
      }
    ],
    "isTemplate": false,
    "count": 0,
    "lang": "en",
    "updated": 0
  },
  {
    "id": "d1219e5f-6f21-4789-bcfa-681253066617",
    "data": [
      {
        "text": "cool",
        "userDefined": false
      }
    ],
    "isTemplate": false,
    "count": 0,
    "lang": "en",
    "updated": 0
  },
  {
    "id": "30c61c98-8949-4d50-8ef1-bf71c289fceb",
    "data": [
      {
        "text": "okay sir",
        "userDefined": false
      }
    ],
    "isTemplate": false,
    "count": 0,
    "lang": "en",
    "updated": 0
  },
  {
    "id": "45fc72a0-a12f-4443-8493-52eb3df5cb84",
    "data": [
      {
        "text": "Alright then",
        "userDefined": false
      }
    ],
    "isTemplate": false,
    "count": 0,
    "lang": "en",
    "updated": 0
  },
  {
    "id": "295425af-9c0e-4788-8290-4669f90afcdb",
    "data": [
      {
        "text": "alright",
        "userDefined": false
      }
    ],
    "isTemplate": false,
    "count": 0,
    "lang": "en",
    "updated": 0
  },
  {
    "id": "aa400a05-092a-4e78-9352-3dc5ada0e260",
    "data": [
      {
        "text": "okay then",
        "userDefined": false
      }
    ],
    "isTemplate": false,
    "count": 0,
    "lang": "en",
    "updated": 0
  },
  {
    "id": "6b1fab13-05f8-4d7b-9224-048e34f708ce",
    "data": [
      {
        "text": "okay",
        "userDefined": false
      }
    ],
    "isTemplate": false,
    "count": 0,
    "lang": "en",
    "updated": 0
  }
]