[
  {
    "id": "98930fbe-cd4d-491b-9884-efc45f8558db",
    "data": [
      {
        "text": "041343506",
        "meta": "@sys.phone-number",
        "alias": "phone-number",
        "userDefined": false
      }
    ],
    "isTemplate": false,
    "count": 0,
    "lang": "en",
    "updated": 0
  },
  {
    "id": "56bf9441-166d-40ea-a410-2316ddba70f6",
    "data": [
      {
        "text": "+256772758212",
        "meta": "@sys.phone-number",
        "alias": "phone-number",
        "userDefined": false
      }
    ],
    "isTemplate": false,
    "count": 0,
    "lang": "en",
    "updated": 0
  },
  {
    "id": "efa9d386-28bc-428a-bdce-4614d11f5cb2",
    "data": [
      {
        "text": ")",
        "userDefined": false
      },
      {
        "text": "702054114",
        "meta": "@sys.phone-number",
        "alias": "phone-number",
        "userDefined": false
      }
    ],
    "isTemplate": false,
    "count": 0,
    "lang": "en",
    "updated": 0
  },
  {
    "id": "05250ad8-4db2-4719-b603-9b7329a7a2b0",
    "data": [
      {
        "text": "Muwangala",
        "meta": "@sys.person",
        "alias": "person",
        "userDefined": true
      },
      {
        "text": " ",
        "userDefined": false
      },
      {
        "text": "Stewart",
        "meta": "@sys.person",
        "alias": "person",
        "userDefined": true
      }
    ],
    "isTemplate": false,
    "count": 0,
    "lang": "en",
    "updated": 0
  },
  {
    "id": "6ff289cb-ed05-477a-980f-e49eed296496",
    "data": [
      {
        "text": "Balaba",
        "meta": "@sys.person",
        "alias": "person",
        "userDefined": false
      },
      {
        "text": " ",
        "userDefined": false
      },
      {
        "text": "Timothy",
        "meta": "@sys.person",
        "alias": "person",
        "userDefined": false
      }
    ],
    "isTemplate": false,
    "count": 0,
    "lang": "en",
    "updated": 0
  },
  {
    "id": "68e443ec-5284-47b6-a689-64d64521bc15",
    "data": [
      {
        "text": "Adam Musoke",
        "meta": "@sys.person",
        "alias": "person",
        "userDefined": false
      }
    ],
    "isTemplate": false,
    "count": 0,
    "lang": "en",
    "updated": 0
  },
  {
    "id": "3bb5389d-b0cd-4e39-a7ee-b13c87fc7ce3",
    "data": [
      {
        "text": "Nakasujja calvin",
        "meta": "@sys.person",
        "alias": "person",
        "userDefined": true
      }
    ],
    "isTemplate": false,
    "count": 0,
    "lang": "en",
    "updated": 0
  },
  {
    "id": "f416faf2-7a63-416a-a584-9f743c5a69e6",
    "data": [
      {
        "text": "Kevin Peace",
        "meta": "@sys.person",
        "alias": "person",
        "userDefined": false
      }
    ],
    "isTemplate": false,
    "count": 0,
    "lang": "en",
    "updated": 0
  },
  {
    "id": "515a4ea8-284d-4817-ac86-dc6911b9d9fa",
    "data": [
      {
        "text": "Karuhoko jean",
        "meta": "@sys.person",
        "alias": "person",
        "userDefined": true
      }
    ],
    "isTemplate": false,
    "count": 0,
    "lang": "en",
    "updated": 0
  },
  {
    "id": "a3d0fa71-fd2c-45ae-a8a4-24aee93af405",
    "data": [
      {
        "text": "James",
        "meta": "@sys.person",
        "alias": "person",
        "userDefined": false
      }
    ],
    "isTemplate": false,
    "count": 0,
    "lang": "en",
    "updated": 0
  },
  {
    "id": "e301c78b-6852-4e0e-b58a-b914ffc91fd8",
    "data": [
      {
        "text": "John",
        "meta": "@sys.person",
        "alias": "person",
        "userDefined": false
      }
    ],
    "isTemplate": false,
    "count": 0,
    "lang": "en",
    "updated": 0
  },
  {
    "id": "28ca8ab3-b5d9-40dd-89fd-d892f4f8a949",
    "data": [
      {
        "text": "Timothy",
        "meta": "@sys.person",
        "alias": "person",
        "userDefined": false
      }
    ],
    "isTemplate": false,
    "count": 0,
    "lang": "en",
    "updated": 0
  },
  {
    "id": "a68e0c3c-6aee-4997-9276-0434ba103ce7",
    "data": [
      {
        "text": "Timothy balaba",
        "meta": "@sys.person",
        "alias": "person",
        "userDefined": false
      }
    ],
    "isTemplate": false,
    "count": 0,
    "lang": "en",
    "updated": 0
  },
  {
    "id": "6ddc0afa-6f63-49cd-88cb-f4440a870ed9",
    "data": [
      {
        "text": "karuhoko@shune.co.uk",
        "meta": "@sys.email",
        "alias": "email",
        "userDefined": true
      }
    ],
    "isTemplate": false,
    "count": 0,
    "lang": "en",
    "updated": 0
  },
  {
    "id": "d3ddaf11-bb9b-4831-b550-ef218af8eab3",
    "data": [
      {
        "text": "Kar@shunem.org",
        "meta": "@sys.email",
        "alias": "email",
        "userDefined": true
      }
    ],
    "isTemplate": false,
    "count": 0,
    "lang": "en",
    "updated": 0
  },
  {
    "id": "0b489b2f-956d-41b8-85a0-566a8dce7302",
    "data": [
      {
        "text": "baba@shunemsystems.com",
        "meta": "@sys.email",
        "alias": "email",
        "userDefined": true
      }
    ],
    "isTemplate": false,
    "count": 0,
    "lang": "en",
    "updated": 0
  },
  {
    "id": "16229129-b2df-4974-9d7f-76965ee38cc2",
    "data": [
      {
        "text": "brenda@kmail.com",
        "meta": "@sys.email",
        "alias": "email",
        "userDefined": true
      }
    ],
    "isTemplate": false,
    "count": 0,
    "lang": "en",
    "updated": 0
  },
  {
    "id": "89fbec8d-2c07-427b-a8ad-57fbb0e9e804",
    "data": [
      {
        "text": "karuhoko@hotmail.com",
        "meta": "@sys.email",
        "alias": "email",
        "userDefined": true
      }
    ],
    "isTemplate": false,
    "count": 0,
    "lang": "en",
    "updated": 0
  },
  {
    "id": "cf5824f1-ec2b-4faf-a2ef-964c530b2c98",
    "data": [
      {
        "text": "jean@yahoo.com",
        "meta": "@sys.email",
        "alias": "email",
        "userDefined": true
      }
    ],
    "isTemplate": false,
    "count": 0,
    "lang": "en",
    "updated": 0
  },
  {
    "id": "185d72bd-0f95-4eaa-83dc-1ad708026439",
    "data": [
      {
        "text": "john@gmail.com",
        "meta": "@sys.email",
        "alias": "email",
        "userDefined": true
      }
    ],
    "isTemplate": false,
    "count": 0,
    "lang": "en",
    "updated": 0
  },
  {
    "id": "c107e372-db02-42b6-bcc8-1d7c950102ee",
    "data": [
      {
        "text": "peter345@gmail.com",
        "meta": "@sys.email",
        "alias": "email",
        "userDefined": true
      }
    ],
    "isTemplate": false,
    "count": 0,
    "lang": "en",
    "updated": 0
  },
  {
    "id": "d8ccf165-a621-4cd2-acbe-521a1da60c5b",
    "data": [
      {
        "text": "musa12@gmail.com",
        "meta": "@sys.email",
        "alias": "email",
        "userDefined": true
      }
    ],
    "isTemplate": false,
    "count": 0,
    "lang": "en",
    "updated": 0
  },
  {
    "id": "3987220d-743f-4be4-a138-41c178a95570",
    "data": [
      {
        "text": "tibalaba@gmail.com",
        "meta": "@sys.email",
        "alias": "email",
        "userDefined": true
      }
    ],
    "isTemplate": false,
    "count": 0,
    "lang": "en",
    "updated": 0
  },
  {
    "id": "f209d057-e1e0-4014-b23e-d72657ed2030",
    "data": [
      {
        "text": "berum@help.net",
        "meta": "@sys.email",
        "alias": "email",
        "userDefined": true
      }
    ],
    "isTemplate": false,
    "count": 0,
    "lang": "en",
    "updated": 0
  },
  {
    "id": "7d79b280-8635-4005-962d-18df595f4660",
    "data": [
      {
        "text": "gerug@guy.org",
        "meta": "@sys.email",
        "alias": "email",
        "userDefined": true
      }
    ],
    "isTemplate": false,
    "count": 0,
    "lang": "en",
    "updated": 0
  },
  {
    "id": "6dac9257-14ff-46a6-a252-2e53d33e0a97",
    "data": [
      {
        "text": "balabajane@gmail.com",
        "meta": "@sys.email",
        "alias": "email",
        "userDefined": true
      }
    ],
    "isTemplate": false,
    "count": 0,
    "lang": "en",
    "updated": 0
  },
  {
    "id": "b50269d7-e9db-498b-93fe-6e6d38f3730b",
    "data": [
      {
        "text": "0778912234",
        "meta": "@sys.phone-number",
        "alias": "phone-number",
        "userDefined": false
      }
    ],
    "isTemplate": false,
    "count": 0,
    "lang": "en",
    "updated": 0
  },
  {
    "id": "fca08479-8c50-40ac-9c28-95c6273c675b",
    "data": [
      {
        "text": "Am ",
        "userDefined": false
      },
      {
        "text": "Bakwatanisa Bosco",
        "meta": "@sys.person",
        "alias": "person",
        "userDefined": false
      },
      {
        "text": " ",
        "userDefined": false
      },
      {
        "text": "0782123345",
        "meta": "@sys.phone-number",
        "alias": "phone-number",
        "userDefined": false
      }
    ],
    "isTemplate": false,
    "count": 0,
    "lang": "en",
    "updated": 0
  },
  {
    "id": "9df57e50-94f7-4edc-9b37-1e8ba7de3893",
    "data": [
      {
        "text": "Am called Katerana ",
        "userDefined": false
      },
      {
        "text": "George",
        "meta": "@sys.person",
        "alias": "person",
        "userDefined": false
      },
      {
        "text": " ",
        "userDefined": false
      },
      {
        "text": "0772748212",
        "meta": "@sys.phone-number",
        "alias": "phone-number",
        "userDefined": false
      }
    ],
    "isTemplate": false,
    "count": 0,
    "lang": "en",
    "updated": 0
  },
  {
    "id": "109153ae-3c55-42e6-8ad8-f32a6f342cc0",
    "data": [
      {
        "text": "Am ",
        "userDefined": false
      },
      {
        "text": "katabasasa John",
        "meta": "@sys.person",
        "alias": "person",
        "userDefined": true
      },
      {
        "text": " ",
        "userDefined": false
      },
      {
        "text": "0782456789",
        "meta": "@sys.phone-number",
        "alias": "phone-number",
        "userDefined": true
      }
    ],
    "isTemplate": false,
    "count": 0,
    "lang": "en",
    "updated": 0
  },
  {
    "id": "ab2be265-235b-48de-915d-3136e9de5e5a",
    "data": [
      {
        "text": "My name is ",
        "userDefined": false
      },
      {
        "text": "Cinderella Musoga",
        "meta": "@sys.person",
        "alias": "person",
        "userDefined": true
      },
      {
        "text": ". ",
        "userDefined": false
      },
      {
        "text": "0752123345",
        "meta": "@sys.phone-number",
        "alias": "phone-number",
        "userDefined": false
      }
    ],
    "isTemplate": false,
    "count": 0,
    "lang": "en",
    "updated": 0
  },
  {
    "id": "2e755e5f-3009-4f2f-bd79-81916bb88a9e",
    "data": [
      {
        "text": "irene muloni",
        "meta": "@sys.person",
        "alias": "person",
        "userDefined": false
      },
      {
        "text": " ",
        "userDefined": false
      },
      {
        "text": "041343506",
        "meta": "@sys.phone-number",
        "alias": "phone-number",
        "userDefined": false
      }
    ],
    "isTemplate": false,
    "count": 0,
    "lang": "en",
    "updated": 0
  },
  {
    "id": "52a0c0a4-cf85-4e3d-b380-ee5d905145b5",
    "data": [
      {
        "text": "Adam Musoke",
        "meta": "@sys.person",
        "alias": "person",
        "userDefined": false
      },
      {
        "text": " ",
        "userDefined": false
      },
      {
        "text": "0393456789",
        "meta": "@sys.phone-number",
        "alias": "phone-number",
        "userDefined": false
      }
    ],
    "isTemplate": false,
    "count": 0,
    "lang": "en",
    "updated": 0
  },
  {
    "id": "24d5f6ee-a266-4b6d-9f52-7c00e5cfdc8d",
    "data": [
      {
        "text": "Timothy balaba",
        "meta": "@sys.person",
        "alias": "person",
        "userDefined": false
      },
      {
        "text": " ",
        "userDefined": false
      },
      {
        "text": "0706876123",
        "meta": "@sys.phone-number",
        "alias": "phone-number",
        "userDefined": false
      }
    ],
    "isTemplate": false,
    "count": 0,
    "lang": "en",
    "updated": 0
  },
  {
    "id": "3941206e-9982-4443-8303-b11fffbd22e8",
    "data": [
      {
        "text": "0789987456",
        "meta": "@sys.phone-number",
        "alias": "phone-number",
        "userDefined": false
      }
    ],
    "isTemplate": false,
    "count": 0,
    "lang": "en",
    "updated": 0
  },
  {
    "id": "667f10e3-9486-498b-a92e-94c4030fc82c",
    "data": [
      {
        "text": "0772578923",
        "meta": "@sys.phone-number",
        "alias": "phone-number",
        "userDefined": false
      }
    ],
    "isTemplate": false,
    "count": 0,
    "lang": "en",
    "updated": 0
  },
  {
    "id": "001238ce-d479-4fa4-992c-5fbadd42e2b8",
    "data": [
      {
        "text": "0705785543",
        "meta": "@sys.phone-number",
        "alias": "phone-number",
        "userDefined": false
      }
    ],
    "isTemplate": false,
    "count": 0,
    "lang": "en",
    "updated": 0
  },
  {
    "id": "6cac3337-7a69-49d1-821a-7c1d5c80abd7",
    "data": [
      {
        "text": "078223435",
        "meta": "@sys.phone-number",
        "alias": "phone-number",
        "userDefined": false
      }
    ],
    "isTemplate": false,
    "count": 0,
    "lang": "en",
    "updated": 0
  },
  {
    "id": "a5bbe970-8eef-4b24-9d14-385365df11dd",
    "data": [
      {
        "text": "0778854456",
        "meta": "@sys.phone-number",
        "alias": "phone-number",
        "userDefined": false
      }
    ],
    "isTemplate": false,
    "count": 0,
    "lang": "en",
    "updated": 0
  },
  {
    "id": "a3d9973f-b9d8-4762-9528-ed1b4db02332",
    "data": [
      {
        "text": "0702054114",
        "meta": "@sys.phone-number",
        "alias": "phone-number",
        "userDefined": false
      }
    ],
    "isTemplate": false,
    "count": 0,
    "lang": "en",
    "updated": 0
  },
  {
    "id": "4105fee4-7c49-4d3a-a59a-a02de735e5ee",
    "data": [
      {
        "text": "Tommy",
        "meta": "@sys.person",
        "alias": "person",
        "userDefined": true
      },
      {
        "text": " lex ",
        "userDefined": false
      },
      {
        "text": "tommy12@gmail.com",
        "meta": "@sys.email",
        "alias": "email",
        "userDefined": true
      }
    ],
    "isTemplate": false,
    "count": 0,
    "lang": "en",
    "updated": 0
  },
  {
    "id": "91a491cb-b34f-4915-a7c3-e039ad33b8a7",
    "data": [
      {
        "text": "Tommy Egan",
        "meta": "@sys.person",
        "alias": "person",
        "userDefined": false
      },
      {
        "text": " ",
        "userDefined": false
      },
      {
        "text": "0772748212",
        "meta": "@sys.phone-number",
        "alias": "phone-number",
        "userDefined": false
      }
    ],
    "isTemplate": false,
    "count": 0,
    "lang": "en",
    "updated": 0
  },
  {
    "id": "3f0747bc-ba26-44b5-a525-05015817ffbc",
    "data": [
      {
        "text": "Eva Leavi",
        "meta": "@sys.person",
        "alias": "person",
        "userDefined": true
      },
      {
        "text": ". ",
        "userDefined": false
      },
      {
        "text": "eva125@gmail.com",
        "meta": "@sys.email",
        "alias": "email",
        "userDefined": true
      }
    ],
    "isTemplate": false,
    "count": 0,
    "lang": "en",
    "updated": 0
  },
  {
    "id": "bd409ffa-d4f6-4fb2-8421-679c39dbf658",
    "data": [
      {
        "text": "John",
        "meta": "@sys.person",
        "alias": "person",
        "userDefined": false
      },
      {
        "text": ".  ",
        "userDefined": false
      },
      {
        "text": "0784356345",
        "meta": "@sys.phone-number",
        "alias": "phone-number",
        "userDefined": false
      }
    ],
    "isTemplate": false,
    "count": 0,
    "lang": "en",
    "updated": 0
  },
  {
    "id": "8519d220-bed8-42ad-8527-48e4db6d7bc7",
    "data": [
      {
        "text": "John",
        "meta": "@sys.person",
        "alias": "person",
        "userDefined": true
      },
      {
        "text": " ",
        "userDefined": false
      },
      {
        "text": "johnk@yahoo.com",
        "meta": "@sys.email",
        "alias": "email",
        "userDefined": true
      }
    ],
    "isTemplate": false,
    "count": 0,
    "lang": "en",
    "updated": 0
  },
  {
    "id": "50028659-3c70-45ee-b747-2f94ae5461bf",
    "data": [
      {
        "text": "Ssekatawa",
        "meta": "@sys.person",
        "alias": "person",
        "userDefined": true
      },
      {
        "text": " ",
        "userDefined": false
      },
      {
        "text": "0784234345",
        "meta": "@sys.phone-number",
        "alias": "phone-number",
        "userDefined": false
      }
    ],
    "isTemplate": false,
    "count": 0,
    "lang": "en",
    "updated": 0
  },
  {
    "id": "695f4452-9172-463a-9727-24438f324fa7",
    "data": [
      {
        "text": "Stewart",
        "meta": "@sys.person",
        "alias": "person",
        "userDefined": false
      },
      {
        "text": " Muwanagala ",
        "userDefined": false
      },
      {
        "text": "0703091200",
        "meta": "@sys.phone-number",
        "alias": "phone-number",
        "userDefined": false
      }
    ],
    "isTemplate": false,
    "count": 0,
    "lang": "en",
    "updated": 0
  },
  {
    "id": "73d3bece-5578-403e-9e03-3be5e4b5b079",
    "data": [
      {
        "text": "Stewart",
        "meta": "@sys.person",
        "alias": "person",
        "userDefined": true
      },
      {
        "text": " ",
        "userDefined": false
      },
      {
        "text": "stewartmuwan@gmail.com",
        "meta": "@sys.email",
        "alias": "email",
        "userDefined": true
      }
    ],
    "isTemplate": false,
    "count": 0,
    "lang": "en",
    "updated": 0
  },
  {
    "id": "38626d00-e415-4d41-b25a-eaa5cc3c4998",
    "data": [
      {
        "text": "Adam Musoke",
        "meta": "@sys.person",
        "alias": "person",
        "userDefined": true
      },
      {
        "text": " ",
        "userDefined": false
      },
      {
        "text": "adam127@gmail.com",
        "meta": "@sys.email",
        "alias": "email",
        "userDefined": true
      }
    ],
    "isTemplate": false,
    "count": 1,
    "lang": "en",
    "updated": 0
  },
  {
    "id": "c59d7287-9701-4664-92dd-73a4613e5c8d",
    "data": [
      {
        "text": "balaba",
        "meta": "@sys.person",
        "alias": "person",
        "userDefined": false
      },
      {
        "text": " ",
        "userDefined": false
      },
      {
        "text": "0777272136",
        "meta": "@sys.phone-number",
        "alias": "phone-number",
        "userDefined": false
      }
    ],
    "isTemplate": false,
    "count": 1,
    "lang": "en",
    "updated": 0
  },
  {
    "id": "cd9f260d-0740-43c1-ac30-8f82a306637c",
    "data": [
      {
        "text": "Adam Musoke",
        "meta": "@sys.person",
        "alias": "person",
        "userDefined": false
      },
      {
        "text": " ",
        "userDefined": false
      },
      {
        "text": "0704223643",
        "meta": "@sys.phone-number",
        "alias": "phone-number",
        "userDefined": false
      }
    ],
    "isTemplate": false,
    "count": 0,
    "lang": "en",
    "updated": 0
  },
  {
    "id": "6cfd3070-3f54-4791-9f32-1a1ff1ab8c24",
    "data": [
      {
        "text": "Am ",
        "userDefined": false
      },
      {
        "text": "Jane",
        "meta": "@sys.person",
        "alias": "person",
        "userDefined": false
      },
      {
        "text": " and my ",
        "userDefined": false
      },
      {
        "text": "contact",
        "meta": "@OurOffice",
        "alias": "ouroffice",
        "userDefined": false
      },
      {
        "text": " is ",
        "userDefined": false
      },
      {
        "text": "0702054114",
        "meta": "@sys.phone-number",
        "alias": "phone-number",
        "userDefined": false
      }
    ],
    "isTemplate": false,
    "count": 0,
    "lang": "en",
    "updated": 0
  },
  {
    "id": "0a60648b-9183-45db-bebd-47612bd087dc",
    "data": [
      {
        "text": "Am Jane and",
        "userDefined": false
      }
    ],
    "isTemplate": false,
    "count": 0,
    "lang": "en",
    "updated": 0
  },
  {
    "id": "a09a7e82-dea7-4afd-b549-d34264100afd",
    "data": [
      {
        "text": "My name is Timothy and my email is tibalaba@gmail.com",
        "userDefined": false
      }
    ],
    "isTemplate": false,
    "count": 0,
    "lang": "en",
    "updated": 0
  }
]